student,exam,points
Student 1,1,59
Student 2,1,96
Student 3,1,57
Student 4,1,51
Student 5,1,72
Student 6,1,47
Student 7,1,65
Student 8,1,88
Student 9,1,96
Student 10,1,96
Student 11,1,85
Student 12,1,43
Student 13,1,55
Student 14,1,80
Student 15,1,51
Student 16,1,96
Student 17,1,53
Student 18,1,46
Student 19,1,78
Student 20,1,63
Student 21,1,67
Student 22,1,62
Student 23,1,60
Student 24,1,99
Student 25,1,53
Student 26,1,91
Student 27,1,81
Student 28,1,50
Student 29,1,93
Student 30,1,95
Student 31,1,59
Student 32,1,60
Student 33,1,60
Student 34,1,96
Student 35,1,50
Student 36,1,88
Student 37,1,57
Student 38,1,81
Student 39,1,53
Student 40,1,99
Student 41,1,93
Student 42,1,82
Student 43,1,70
Student 44,1,77
Student 45,1,57
Student 46,1,68
Student 47,1,41
Student 48,1,40
Student 49,1,83
Student 50,1,67
Student 51,1,64
Student 52,1,98
Student 53,1,46
Student 54,1,44
Student 55,1,80
Student 56,1,58
Student 57,1,59
Student 58,1,96
Student 59,1,69
Student 60,1,92
Student 61,1,93
Student 62,1,99
Student 63,1,98
Student 64,1,96
Student 65,1,60
Student 66,1,60
Student 67,1,53
Student 68,1,32
Student 69,1,49
Student 70,1,97
Student 71,1,98
Student 72,1,63
Student 73,1,65
Student 74,1,60
Student 75,1,84
Student 76,1,94
Student 77,1,100
Student 78,1,61
Student 79,1,94
Student 80,1,71
Student 81,1,82
Student 82,1,32
Student 83,1,89
Student 84,1,78
Student 85,1,49
Student 86,1,73
Student 87,1,66
Student 88,1,54
Student 89,1,99
Student 90,1,42
Student 91,1,46
Student 92,1,57
Student 93,1,68
Student 94,1,67
Student 95,1,87
Student 96,1,68
Student 97,1,60
Student 98,1,58
Student 99,1,46
Student 100,1,44
Student 101,1,100
Student 102,1,87
Student 103,1,30
Student 104,1,90
Student 105,1,76
Student 106,1,79
Student 107,1,88
Student 108,1,76
Student 109,1,54
Student 110,1,85
Student 111,1,47
Student 112,1,56
Student 113,1,79
Student 114,1,54
Student 115,1,87
Student 116,1,53
Student 117,1,95
Student 118,1,89
Student 119,1,73
Student 120,1,71
Student 121,1,88
Student 122,1,66
Student 123,1,54
Student 124,1,66
Student 125,1,82
Student 126,1,46
Student 127,1,78
Student 128,1,97
Student 129,1,92
Student 130,1,75
Student 131,1,84
Student 132,1,100
Student 133,1,65
Student 134,1,50
Student 135,1,77
Student 136,1,80
Student 137,1,97
Student 138,1,62
Student 139,1,55
Student 140,1,70
Student 141,1,79
Student 142,1,83
Student 143,1,59
Student 144,1,78
Student 145,1,37
Student 146,1,67
Student 147,1,71
Student 148,1,74
Student 149,1,66
Student 150,1,72
Student 151,1,42
Student 152,1,77
Student 153,1,62
Student 154,1,79
Student 155,1,44
Student 156,1,60
Student 157,1,90
Student 158,1,54
Student 159,1,65
Student 160,1,47
Student 161,1,98
Student 162,1,43
Student 163,1,96
Student 164,1,90
Student 165,1,70
Student 166,1,76
Student 167,1,96
Student 168,1,67
Student 169,1,87
Student 170,1,68
Student 171,1,99
Student 172,1,67
Student 173,1,99
Student 174,1,69
Student 175,1,50
Student 176,1,57
Student 177,1,71
Student 178,1,44
Student 179,1,64
Student 180,1,82
Student 181,1,30
Student 182,1,60
Student 183,1,62
Student 184,1,87
Student 185,1,75
Student 186,1,72
Student 187,1,90
Student 188,1,84
Student 189,1,85
Student 190,1,67
Student 191,1,64
Student 192,1,90
Student 193,1,35
Student 194,1,93
Student 195,1,73
Student 196,1,61
Student 197,1,95
Student 198,1,77
Student 199,1,35
Student 200,1,98
Student 201,1,75
Student 202,1,89
Student 203,1,74
Student 204,1,61
Student 205,1,80
Student 206,1,46
Student 207,1,36
Student 208,1,73
Student 209,1,80
Student 210,1,65
Student 211,1,93
Student 212,1,85
Student 213,1,67
Student 214,1,97
Student 215,1,99
Student 216,1,73
Student 217,1,92
Student 218,1,91
Student 219,1,58
Student 220,1,44
Student 221,1,59
Student 222,1,30
Student 223,1,81
Student 224,1,66
Student 225,1,94
Student 226,1,55
Student 227,1,49
Student 228,1,59
Student 229,1,53
Student 230,1,96
Student 231,1,94
Student 232,1,82
Student 233,1,49
Student 234,1,68
Student 235,1,60
Student 236,1,60
Student 237,1,45
Student 238,1,56
Student 239,1,92
Student 240,1,76
Student 241,1,79
Student 242,1,75
Student 243,1,54
Student 244,1,77
Student 245,1,89
Student 246,1,92
Student 247,1,44
Student 248,1,79
Student 249,1,66
Student 250,1,31
Student 251,1,81
Student 252,1,47
Student 253,1,90
Student 254,1,96
Student 255,1,79
Student 256,1,54
Student 257,1,67
Student 258,1,46
Student 259,1,88
Student 260,1,67
Student 261,1,78
Student 262,1,66
Student 263,1,73
Student 264,1,61
Student 265,1,42
Student 266,1,73
Student 267,1,55
Student 268,1,94
Student 269,1,100
Student 270,1,42
Student 271,1,50
Student 272,1,89
Student 273,1,89
Student 274,1,40
Student 275,1,46
Student 276,1,42
Student 277,1,89
Student 278,1,43
Student 279,1,83
Student 280,1,64
Student 1,2,97
Student 2,2,56
Student 3,2,55
Student 4,2,69
Student 5,2,43
Student 6,2,93
Student 7,2,61
Student 8,2,51
Student 9,2,63
Student 10,2,66
Student 11,2,44
Student 12,2,100
Student 13,2,60
Student 14,2,58
Student 15,2,83
Student 16,2,50
Student 17,2,88
Student 18,2,68
Student 19,2,82
Student 20,2,99
Student 21,2,52
Student 22,2,49
Student 23,2,58
Student 24,2,63
Student 25,2,58
Student 26,2,47
Student 27,2,76
Student 28,2,72
Student 29,2,73
Student 30,2,69
Student 31,2,82
Student 32,2,90
Student 33,2,93
Student 34,2,98
Student 35,2,86
Student 36,2,35
Student 37,2,63
Student 38,2,70
Student 39,2,72
Student 40,2,72
Student 41,2,57
Student 42,2,51
Student 43,2,46
Student 44,2,73
Student 45,2,36
Student 46,2,57
Student 47,2,79
Student 48,2,34
Student 49,2,40
Student 50,2,72
Student 51,2,51
Student 52,2,54
Student 53,2,33
Student 54,2,53
Student 55,2,70
Student 56,2,86
Student 57,2,60
Student 58,2,92
Student 59,2,54
Student 60,2,70
Student 61,2,92
Student 62,2,45
Student 63,2,96
Student 64,2,72
Student 65,2,46
Student 66,2,63
Student 67,2,77
Student 68,2,56
Student 69,2,81
Student 70,2,40
Student 71,2,60
Student 72,2,82
Student 73,2,69
Student 74,2,34
Student 75,2,42
Student 76,2,56
Student 77,2,77
Student 78,2,32
Student 79,2,40
Student 80,2,98
Student 81,2,63
Student 82,2,93
Student 83,2,74
Student 84,2,77
Student 85,2,83
Student 86,2,69
Student 87,2,74
Student 88,2,42
Student 89,2,49
Student 90,2,64
Student 91,2,96
Student 92,2,76
Student 93,2,81
Student 94,2,64
Student 95,2,65
Student 96,2,72
Student 97,2,55
Student 98,2,85
Student 99,2,91
Student 100,2,93
Student 101,2,83
Student 102,2,60
Student 103,2,77
Student 104,2,82
Student 105,2,79
Student 106,2,77
Student 107,2,97
Student 108,2,98
Student 109,2,69
Student 110,2,97
Student 111,2,87
Student 112,2,58
Student 113,2,94
Student 114,2,88
Student 115,2,95
Student 116,2,98
Student 117,2,52
Student 118,2,64
Student 119,2,38
Student 120,2,40
Student 121,2,38
Student 122,2,81
Student 123,2,61
Student 124,2,69
Student 125,2,43
Student 126,2,57
Student 127,2,100
Student 128,2,97
Student 129,2,95
Student 130,2,78
Student 131,2,85
Student 132,2,74
Student 133,2,50
Student 134,2,57
Student 135,2,69
Student 136,2,49
Student 137,2,99
Student 138,2,86
Student 139,2,69
Student 140,2,90
Student 141,2,77
Student 142,2,66
Student 143,2,99
Student 144,2,36
Student 145,2,49
Student 146,2,43
Student 147,2,88
Student 148,2,55
Student 149,2,75
Student 150,2,35
Student 151,2,48
Student 152,2,88
Student 153,2,52
Student 154,2,75
Student 155,2,87
Student 156,2,53
Student 157,2,40
Student 158,2,91
Student 159,2,100
Student 160,2,59
Student 161,2,94
Student 162,2,63
Student 163,2,63
Student 164,2,92
Student 165,2,62
Student 166,2,69
Student 167,2,66
Student 168,2,57
Student 169,2,95
Student 170,2,77
Student 171,2,87
Student 172,2,91
Student 173,2,58
Student 174,2,78
Student 175,2,94
Student 176,2,66
Student 177,2,89
Student 178,2,43
Student 179,2,72
Student 180,2,74
Student 181,2,85
Student 182,2,86
Student 183,2,87
Student 184,2,78
Student 185,2,61
Student 186,2,99
Student 187,2,100
Student 188,2,45
Student 189,2,73
Student 190,2,49
Student 191,2,60
Student 192,2,64
Student 193,2,43
Student 194,2,79
Student 195,2,85
Student 196,2,61
Student 197,2,78
Student 198,2,100
Student 199,2,100
Student 200,2,62
Student 201,2,52
Student 202,2,72
Student 203,2,60
Student 204,2,93
Student 205,2,74
Student 206,2,73
Student 207,2,63
Student 208,2,74
Student 209,2,82
Student 210,2,49
Student 211,2,69
Student 212,2,100
Student 213,2,55
Student 214,2,61
Student 215,2,67
Student 216,2,68
Student 217,2,54
Student 218,2,76
Student 219,2,82
Student 220,2,96
Student 221,2,72
Student 222,2,78
Student 223,2,54
Student 224,2,52
Student 225,2,48
Student 226,2,35
Student 227,2,43
Student 228,2,53
Student 229,2,97
Student 230,2,53
Student 231,2,84
Student 232,2,66
Student 233,2,73
Student 234,2,77
Student 235,2,50
Student 236,2,75
Student 237,2,87
Student 238,2,95
Student 239,2,79
Student 240,2,99
Student 241,2,56
Student 242,2,48
Student 243,2,62
Student 244,2,99
Student 245,2,78
Student 246,2,59
Student 247,2,97
Student 248,2,53
Student 249,2,73
Student 250,2,91
Student 251,2,61
Student 252,2,69
Student 253,2,54
Student 254,2,94
Student 255,2,98
Student 256,2,32
Student 257,2,82
Student 258,2,54
Student 259,2,80
Student 260,2,63
Student 261,2,43
Student 262,2,92
Student 263,2,84
Student 264,2,91
Student 265,2,73
Student 266,2,81
Student 267,2,95
Student 268,2,55
Student 269,2,76
Student 270,2,33
Student 271,2,77
Student 272,2,63
Student 273,2,51
Student 274,2,70
Student 275,2,97
Student 276,2,94
Student 277,2,55
Student 278,2,85
Student 279,2,60
Student 280,2,35
Student 1,3,69
Student 2,3,81
Student 3,3,98
Student 4,3,57
Student 5,3,87
Student 6,3,58
Student 7,3,75
Student 8,3,41
Student 9,3,74
Student 10,3,63
Student 11,3,41
Student 12,3,98
Student 13,3,81
Student 14,3,83
Student 15,3,56
Student 16,3,39
Student 17,3,51
Student 18,3,37
Student 19,3,99
Student 20,3,98
Student 21,3,75
Student 22,3,39
Student 23,3,93
Student 24,3,78
Student 25,3,58
Student 26,3,88
Student 27,3,57
Student 28,3,43
Student 29,3,97
Student 30,3,65
Student 31,3,50
Student 32,3,96
Student 33,3,68
Student 34,3,75
Student 35,3,97
Student 36,3,57
Student 37,3,58
Student 38,3,78
Student 39,3,93
Student 40,3,67
Student 41,3,47
Student 42,3,96
Student 43,3,66
Student 44,3,86
Student 45,3,76
Student 46,3,93
Student 47,3,68
Student 48,3,81
Student 49,3,61
Student 50,3,66
Student 51,3,67
Student 52,3,33
Student 53,3,41
Student 54,3,91
Student 55,3,85
Student 56,3,83
Student 57,3,50
Student 58,3,44
Student 59,3,85
Student 60,3,66
Student 61,3,68
Student 62,3,63
Student 63,3,74
Student 64,3,84
Student 65,3,93
Student 66,3,35
Student 67,3,63
Student 68,3,52
Student 69,3,98
Student 70,3,93
Student 71,3,42
Student 72,3,86
Student 73,3,90
Student 74,3,94
Student 75,3,69
Student 76,3,75
Student 77,3,66
Student 78,3,86
Student 79,3,65
Student 80,3,48
Student 81,3,100
Student 82,3,74
Student 83,3,98
Student 84,3,76
Student 85,3,42
Student 86,3,54
Student 87,3,100
Student 88,3,92
Student 89,3,43
Student 90,3,87
Student 91,3,89
Student 92,3,95
Student 93,3,44
Student 94,3,79
Student 95,3,70
Student 96,3,86
Student 97,3,71
Student 98,3,92
Student 99,3,86
Student 100,3,47
Student 101,3,89
Student 102,3,51
Student 103,3,91
Student 104,3,61
Student 105,3,74
Student 106,3,61
Student 107,3,60
Student 108,3,44
Student 109,3,39
Student 110,3,75
Student 111,3,81
Student 112,3,94
Student 113,3,34
Student 114,3,75
Student 115,3,41
Student 116,3,83
Student 117,3,80
Student 118,3,84
Student 119,3,62
Student 120,3,74
Student 121,3,61
Student 122,3,48
Student 123,3,75
Student 124,3,87
Student 125,3,61
Student 126,3,56
Student 127,3,41
Student 128,3,95
Student 129,3,50
Student 130,3,55
Student 131,3,47
Student 132,3,95
Student 133,3,79
Student 134,3,53
Student 135,3,87
Student 136,3,62
Student 137,3,65
Student 138,3,46
Student 139,3,93
Student 140,3,38
Student 141,3,64
Student 142,3,67
Student 143,3,87
Student 144,3,63
Student 145,3,94
Student 146,3,97
Student 147,3,93
Student 148,3,61
Student 149,3,78
Student 150,3,33
Student 151,3,66
Student 152,3,51
Student 153,3,51
Student 154,3,31
Student 155,3,78
Student 156,3,84
Student 157,3,81
Student 158,3,41
Student 159,3,93
Student 160,3,60
Student 161,3,87
Student 162,3,42
Student 163,3,56
Student 164,3,95
Student 165,3,80
Student 166,3,59
Student 167,3,33
Student 168,3,75
Student 169,3,84
Student 170,3,61
Student 171,3,93
Student 172,3,53
Student 173,3,67
Student 174,3,65
Student 175,3,72
Student 176,3,93
Student 177,3,39
Student 178,3,59
Student 179,3,61
Student 180,3,85
Student 181,3,59
Student 182,3,92
Student 183,3,99
Student 184,3,72
Student 185,3,56
Student 186,3,53
Student 187,3,77
Student 188,3,67
Student 189,3,75
Student 190,3,47
Student 191,3,59
Student 192,3,88
Student 193,3,70
Student 194,3,75
Student 195,3,65
Student 196,3,40
Student 197,3,52
Student 198,3,97
Student 199,3,65
Student 200,3,69
Student 201,3,40
Student 202,3,73
Student 203,3,39
Student 204,3,87
Student 205,3,41
Student 206,3,93
Student 207,3,85
Student 208,3,97
Student 209,3,78
Student 210,3,78
Student 211,3,49
Student 212,3,45
Student 213,3,77
Student 214,3,97
Student 215,3,76
Student 216,3,74
Student 217,3,69
Student 218,3,95
Student 219,3,86
Student 220,3,65
Student 221,3,76
Student 222,3,80
Student 223,3,93
Student 224,3,80
Student 225,3,77
Student 226,3,71
Student 227,3,39
Student 228,3,70
Student 229,3,52
Student 230,3,67
Student 231,3,35
Student 232,3,87
Student 233,3,70
Student 234,3,56
Student 235,3,55
Student 236,3,62
Student 237,3,86
Student 238,3,48
Student 239,3,90
Student 240,3,55
Student 241,3,42
Student 242,3,72
Student 243,3,56
Student 244,3,90
Student 245,3,34
Student 246,3,70
Student 247,3,90
Student 248,3,98
Student 249,3,75
Student 250,3,66
Student 251,3,42
Student 252,3,49
Student 253,3,46
Student 254,3,68
Student 255,3,42
Student 256,3,87
Student 257,3,46
Student 258,3,70
Student 259,3,96
Student 260,3,73
Student 261,3,55
Student 262,3,81
Student 263,3,34
Student 264,3,52
Student 265,3,83
Student 266,3,77
Student 267,3,98
Student 268,3,53
Student 269,3,55
Student 270,3,66
Student 271,3,74
Student 272,3,80
Student 273,3,35
Student 274,3,64
Student 275,3,98
Student 276,3,45
Student 277,3,69
Student 278,3,81
Student 279,3,91
Student 280,3,96
Student 1,4,42
Student 2,4,74
Student 3,4,81
Student 4,4,96
Student 5,4,77
Student 6,4,37
Student 7,4,69
Student 8,4,99
Student 9,4,40
Student 10,4,75
Student 11,4,60
Student 12,4,57
Student 13,4,53
Student 14,4,99
Student 15,4,50
Student 16,4,72
Student 17,4,77
Student 18,4,98
Student 19,4,73
Student 20,4,79
Student 21,4,62
Student 22,4,42
Student 23,4,33
Student 24,4,81
Student 25,4,98
Student 26,4,94
Student 27,4,91
Student 28,4,100
Student 29,4,47
Student 30,4,96
Student 31,4,71
Student 32,4,92
Student 33,4,86
Student 34,4,82
Student 35,4,63
Student 36,4,55
Student 37,4,77
Student 38,4,58
Student 39,4,89
Student 40,4,44
Student 41,4,81
Student 42,4,47
Student 43,4,58
Student 44,4,92
Student 45,4,66
Student 46,4,70
Student 47,4,65
Student 48,4,60
Student 49,4,77
Student 50,4,96
Student 51,4,93
Student 52,4,74
Student 53,4,44
Student 54,4,43
Student 55,4,83
Student 56,4,87
Student 57,4,73
Student 58,4,33
Student 59,4,50
Student 60,4,58
Student 61,4,63
Student 62,4,67
Student 63,4,68
Student 64,4,92
Student 65,4,63
Student 66,4,40
Student 67,4,90
Student 68,4,72
Student 69,4,66
Student 70,4,50
Student 71,4,77
Student 72,4,50
Student 73,4,78
Student 74,4,100
Student 75,4,74
Student 76,4,74
Student 77,4,37
Student 78,4,98
Student 79,4,33
Student 80,4,65
Student 81,4,77
Student 82,4,95
Student 83,4,82
Student 84,4,69
Student 85,4,52
Student 86,4,34
Student 87,4,80
Student 88,4,67
Student 89,4,100
Student 90,4,45
Student 91,4,86
Student 92,4,50
Student 93,4,75
Student 94,4,30
Student 95,4,92
Student 96,4,99
Student 97,4,71
Student 98,4,72
Student 99,4,62
Student 100,4,63
Student 101,4,74
Student 102,4,87
Student 103,4,39
Student 104,4,81
Student 105,4,53
Student 106,4,91
Student 107,4,32
Student 108,4,48
Student 109,4,66
Student 110,4,45
Student 111,4,87
Student 112,4,80
Student 113,4,99
Student 114,4,78
Student 115,4,51
Student 116,4,60
Student 117,4,31
Student 118,4,71
Student 119,4,85
Student 120,4,96
Student 121,4,78
Student 122,4,66
Student 123,4,51
Student 124,4,52
Student 125,4,50
Student 126,4,55
Student 127,4,68
Student 128,4,84
Student 129,4,82
Student 130,4,48
Student 131,4,72
Student 132,4,85
Student 133,4,75
Student 134,4,48
Student 135,4,91
Student 136,4,64
Student 137,4,67
Student 138,4,78
Student 139,4,30
Student 140,4,56
Student 141,4,53
Student 142,4,60
Student 143,4,69
Student 144,4,53
Student 145,4,54
Student 146,4,94
Student 147,4,93
Student 148,4,78
Student 149,4,57
Student 150,4,59
Student 151,4,44
Student 152,4,48
Student 153,4,72
Student 154,4,68
Student 155,4,74
Student 156,4,50
Student 157,4,79
Student 158,4,82
Student 159,4,77
Student 160,4,46
Student 161,4,51
Student 162,4,60
Student 163,4,73
Student 164,4,96
Student 165,4,87
Student 166,4,42
Student 167,4,43
Student 168,4,74
Student 169,4,89
Student 170,4,50
Student 171,4,37
Student 172,4,50
Student 173,4,51
Student 174,4,99
Student 175,4,51
Student 176,4,72
Student 177,4,43
Student 178,4,52
Student 179,4,84
Student 180,4,47
Student 181,4,64
Student 182,4,71
Student 183,4,98
Student 184,4,63
Student 185,4,58
Student 186,4,91
Student 187,4,98
Student 188,4,80
Student 189,4,66
Student 190,4,69
Student 191,4,86
Student 192,4,50
Student 193,4,85
Student 194,4,80
Student 195,4,61
Student 196,4,46
Student 197,4,50
Student 198,4,95
Student 199,4,82
Student 200,4,55
Student 201,4,89
Student 202,4,93
Student 203,4,35
Student 204,4,63
Student 205,4,63
Student 206,4,60
Student 207,4,45
Student 208,4,41
Student 209,4,83
Student 210,4,57
Student 211,4,97
Student 212,4,94
Student 213,4,69
Student 214,4,99
Student 215,4,97
Student 216,4,49
Student 217,4,81
Student 218,4,92
Student 219,4,54
Student 220,4,49
Student 221,4,52
Student 222,4,86
Student 223,4,97
Student 224,4,77
Student 225,4,83
Student 226,4,72
Student 227,4,50
Student 228,4,65
Student 229,4,85
Student 230,4,43
Student 231,4,65
Student 232,4,88
Student 233,4,57
Student 234,4,90
Student 235,4,74
Student 236,4,41
Student 237,4,75
Student 238,4,66
Student 239,4,64
Student 240,4,60
Student 241,4,97
Student 242,4,55
Student 243,4,38
Student 244,4,60
Student 245,4,45
Student 246,4,69
Student 247,4,98
Student 248,4,85
Student 249,4,86
Student 250,4,73
Student 251,4,41
Student 252,4,67
Student 253,4,45
Student 254,4,93
Student 255,4,57
Student 256,4,62
Student 257,4,38
Student 258,4,79
Student 259,4,69
Student 260,4,60
Student 261,4,76
Student 262,4,87
Student 263,4,91
Student 264,4,56
Student 265,4,37
Student 266,4,70
Student 267,4,48
Student 268,4,51
Student 269,4,62
Student 270,4,63
Student 271,4,90
Student 272,4,85
Student 273,4,54
Student 274,4,33
Student 275,4,81
Student 276,4,31
Student 277,4,31
Student 278,4,40
Student 279,4,68
Student 280,4,92
Student 1,5,54
Student 2,5,85
Student 3,5,79
Student 4,5,70
Student 5,5,62
Student 6,5,42
Student 7,5,48
Student 8,5,88
Student 9,5,47
Student 10,5,66
Student 11,5,75
Student 12,5,80
Student 13,5,79
Student 14,5,75
Student 15,5,60
Student 16,5,70
Student 17,5,85
Student 18,5,80
Student 19,5,68
Student 20,5,70
Student 21,5,71
Student 22,5,51
Student 23,5,34
Student 24,5,76
Student 25,5,60
Student 26,5,99
Student 27,5,56
Student 28,5,85
Student 29,5,68
Student 30,5,72
Student 31,5,50
Student 32,5,39
Student 33,5,63
Student 34,5,99
Student 35,5,54
Student 36,5,67
Student 37,5,67
Student 38,5,45
Student 39,5,71
Student 40,5,36
Student 41,5,43
Student 42,5,56
Student 43,5,59
Student 44,5,55
Student 45,5,91
Student 46,5,84
Student 47,5,71
Student 48,5,68
Student 49,5,65
Student 50,5,72
Student 51,5,40
Student 52,5,90
Student 53,5,50
Student 54,5,59
Student 55,5,92
Student 56,5,66
Student 57,5,78
Student 58,5,64
Student 59,5,67
Student 60,5,36
Student 61,5,43
Student 62,5,53
Student 63,5,90
Student 64,5,53
Student 65,5,80
Student 66,5,62
Student 67,5,55
Student 68,5,87
Student 69,5,70
Student 70,5,86
Student 71,5,36
Student 72,5,44
Student 73,5,56
Student 74,5,69
Student 75,5,82
Student 76,5,99
Student 77,5,96
Student 78,5,58
Student 79,5,88
Student 80,5,81
Student 81,5,61
Student 82,5,90
Student 83,5,45
Student 84,5,32
Student 85,5,86
Student 86,5,40
Student 87,5,52
Student 88,5,75
Student 89,5,91
Student 90,5,73
Student 91,5,49
Student 92,5,71
Student 93,5,55
Student 94,5,57
Student 95,5,99
Student 96,5,97
Student 97,5,57
Student 98,5,48
Student 99,5,66
Student 100,5,59
Student 101,5,65
Student 102,5,80
Student 103,5,55
Student 104,5,82
Student 105,5,87
Student 106,5,72
Student 107,5,51
Student 108,5,83
Student 109,5,59
Student 110,5,99
Student 111,5,32
Student 112,5,70
Student 113,5,56
Student 114,5,62
Student 115,5,74
Student 116,5,92
Student 117,5,100
Student 118,5,59
Student 119,5,53
Student 120,5,44
Student 121,5,71
Student 122,5,45
Student 123,5,57
Student 124,5,58
Student 125,5,46
Student 126,5,76
Student 127,5,85
Student 128,5,52
Student 129,5,99
Student 130,5,83
Student 131,5,95
Student 132,5,66
Student 133,5,63
Student 134,5,64
Student 135,5,75
Student 136,5,32
Student 137,5,97
Student 138,5,63
Student 139,5,45
Student 140,5,48
Student 141,5,88
Student 142,5,77
Student 143,5,77
Student 144,5,82
Student 145,5,79
Student 146,5,42
Student 147,5,100
Student 148,5,82
Student 149,5,95
Student 150,5,55
Student 151,5,82
Student 152,5,54
Student 153,5,33
Student 154,5,57
Student 155,5,62
Student 156,5,54
Student 157,5,50
Student 158,5,94
Student 159,5,75
Student 160,5,67
Student 161,5,72
Student 162,5,63
Student 163,5,59
Student 164,5,67
Student 165,5,46
Student 166,5,35
Student 167,5,32
Student 168,5,53
Student 169,5,76
Student 170,5,79
Student 171,5,65
Student 172,5,97
Student 173,5,93
Student 174,5,57
Student 175,5,45
Student 176,5,77
Student 177,5,76
Student 178,5,63
Student 179,5,61
Student 180,5,99
Student 181,5,86
Student 182,5,57
Student 183,5,46
Student 184,5,89
Student 185,5,68
Student 186,5,40
Student 187,5,93
Student 188,5,63
Student 189,5,55
Student 190,5,57
Student 191,5,57
Student 192,5,76
Student 193,5,93
Student 194,5,38
Student 195,5,64
Student 196,5,61
Student 197,5,63
Student 198,5,74
Student 199,5,97
Student 200,5,58
Student 201,5,31
Student 202,5,90
Student 203,5,72
Student 204,5,94
Student 205,5,80
Student 206,5,76
Student 207,5,44
Student 208,5,53
Student 209,5,96
Student 210,5,73
Student 211,5,87
Student 212,5,43
Student 213,5,52
Student 214,5,66
Student 215,5,67
Student 216,5,54
Student 217,5,78
Student 218,5,53
Student 219,5,61
Student 220,5,87
Student 221,5,56
Student 222,5,62
Student 223,5,77
Student 224,5,80
Student 225,5,96
Student 226,5,100
Student 227,5,66
Student 228,5,44
Student 229,5,68
Student 230,5,59
Student 231,5,58
Student 232,5,69
Student 233,5,97
Student 234,5,50
Student 235,5,38
Student 236,5,56
Student 237,5,74
Student 238,5,91
Student 239,5,78
Student 240,5,93
Student 241,5,71
Student 242,5,91
Student 243,5,48
Student 244,5,49
Student 245,5,77
Student 246,5,100
Student 247,5,61
Student 248,5,65
Student 249,5,40
Student 250,5,52
Student 251,5,64
Student 252,5,94
Student 253,5,81
Student 254,5,73
Student 255,5,59
Student 256,5,42
Student 257,5,90
Student 258,5,47
Student 259,5,51
Student 260,5,50
Student 261,5,90
Student 262,5,54
Student 263,5,55
Student 264,5,97
Student 265,5,98
Student 266,5,99
Student 267,5,98
Student 268,5,90
Student 269,5,94
Student 270,5,62
Student 271,5,61
Student 272,5,40
Student 273,5,74
Student 274,5,88
Student 275,5,60
Student 276,5,58
Student 277,5,75
Student 278,5,97
Student 279,5,82
Student 280,5,90
Student 1,6,60
Student 2,6,77
Student 3,6,83
Student 4,6,94
Student 5,6,83
Student 6,6,98
Student 7,6,50
Student 8,6,67
Student 9,6,89
Student 10,6,72
Student 11,6,96
Student 12,6,86
Student 13,6,84
Student 14,6,58
Student 15,6,46
Student 16,6,42
Student 17,6,61
Student 18,6,32
Student 19,6,81
Student 20,6,30
Student 21,6,69
Student 22,6,66
Student 23,6,86
Student 24,6,95
Student 25,6,71
Student 26,6,46
Student 27,6,76
Student 28,6,63
Student 29,6,88
Student 30,6,64
Student 31,6,59
Student 32,6,49
Student 33,6,100
Student 34,6,45
Student 35,6,53
Student 36,6,87
Student 37,6,60
Student 38,6,46
Student 39,6,82
Student 40,6,53
Student 41,6,87
Student 42,6,78
Student 43,6,78
Student 44,6,80
Student 45,6,44
Student 46,6,96
Student 47,6,46
Student 48,6,88
Student 49,6,42
Student 50,6,70
Student 51,6,56
Student 52,6,91
Student 53,6,75
Student 54,6,70
Student 55,6,100
Student 56,6,53
Student 57,6,80
Student 58,6,62
Student 59,6,95
Student 60,6,30
Student 61,6,43
Student 62,6,56
Student 63,6,60
Student 64,6,64
Student 65,6,65
Student 66,6,96
Student 67,6,90
Student 68,6,61
Student 69,6,62
Student 70,6,47
Student 71,6,47
Student 72,6,88
Student 73,6,62
Student 74,6,67
Student 75,6,86
Student 76,6,32
Student 77,6,84
Student 78,6,83
Student 79,6,59
Student 80,6,79
Student 81,6,82
Student 82,6,94
Student 83,6,64
Student 84,6,77
Student 85,6,70
Student 86,6,40
Student 87,6,91
Student 88,6,42
Student 89,6,73
Student 90,6,57
Student 91,6,77
Student 92,6,100
Student 93,6,36
Student 94,6,40
Student 95,6,51
Student 96,6,49
Student 97,6,93
Student 98,6,97
Student 99,6,68
Student 100,6,83
Student 101,6,70
Student 102,6,95
Student 103,6,98
Student 104,6,55
Student 105,6,60
Student 106,6,41
Student 107,6,80
Student 108,6,75
Student 109,6,45
Student 110,6,99
Student 111,6,59
Student 112,6,53
Student 113,6,98
Student 114,6,93
Student 115,6,60
Student 116,6,45
Student 117,6,65
Student 118,6,79
Student 119,6,88
Student 120,6,46
Student 121,6,89
Student 122,6,75
Student 123,6,97
Student 124,6,44
Student 125,6,92
Student 126,6,82
Student 127,6,83
Student 128,6,53
Student 129,6,34
Student 130,6,60
Student 131,6,69
Student 132,6,48
Student 133,6,98
Student 134,6,87
Student 135,6,52
Student 136,6,81
Student 137,6,100
Student 138,6,90
Student 139,6,41
Student 140,6,100
Student 141,6,80
Student 142,6,55
Student 143,6,58
Student 144,6,94
Student 145,6,44
Student 146,6,46
Student 147,6,63
Student 148,6,52
Student 149,6,47
Student 150,6,39
Student 151,6,100
Student 152,6,98
Student 153,6,62
Student 154,6,78
Student 155,6,70
Student 156,6,33
Student 157,6,56
Student 158,6,89
Student 159,6,81
Student 160,6,43
Student 161,6,31
Student 162,6,59
Student 163,6,50
Student 164,6,76
Student 165,6,96
Student 166,6,90
Student 167,6,85
Student 168,6,98
Student 169,6,60
Student 170,6,80
Student 171,6,80
Student 172,6,60
Student 173,6,74
Student 174,6,63
Student 175,6,52
Student 176,6,46
Student 177,6,91
Student 178,6,78
Student 179,6,54
Student 180,6,43
Student 181,6,86
Student 182,6,83
Student 183,6,70
Student 184,6,85
Student 185,6,89
Student 186,6,81
Student 187,6,52
Student 188,6,42
Student 189,6,92
Student 190,6,67
Student 191,6,46
Student 192,6,95
Student 193,6,89
Student 194,6,72
Student 195,6,93
Student 196,6,89
Student 197,6,78
Student 198,6,77
Student 199,6,72
Student 200,6,48
Student 201,6,55
Student 202,6,39
Student 203,6,64
Student 204,6,67
Student 205,6,43
Student 206,6,88
Student 207,6,30
Student 208,6,56
Student 209,6,76
Student 210,6,79
Student 211,6,100
Student 212,6,99
Student 213,6,89
Student 214,6,95
Student 215,6,37
Student 216,6,63
Student 217,6,83
Student 218,6,56
Student 219,6,80
Student 220,6,94
Student 221,6,97
Student 222,6,50
Student 223,6,63
Student 224,6,67
Student 225,6,34
Student 226,6,54
Student 227,6,80
Student 228,6,45
Student 229,6,44
Student 230,6,46
Student 231,6,96
Student 232,6,70
Student 233,6,92
Student 234,6,77
Student 235,6,63
Student 236,6,56
Student 237,6,57
Student 238,6,79
Student 239,6,67
Student 240,6,74
Student 241,6,100
Student 242,6,50
Student 243,6,97
Student 244,6,65
Student 245,6,78
Student 246,6,56
Student 247,6,87
Student 248,6,76
Student 249,6,87
Student 250,6,66
Student 251,6,71
Student 252,6,91
Student 253,6,84
Student 254,6,52
Student 255,6,100
Student 256,6,89
Student 257,6,92
Student 258,6,72
Student 259,6,66
Student 260,6,53
Student 261,6,85
Student 262,6,66
Student 263,6,63
Student 264,6,70
Student 265,6,89
Student 266,6,66
Student 267,6,90
Student 268,6,92
Student 269,6,70
Student 270,6,59
Student 271,6,62
Student 272,6,38
Student 273,6,93
Student 274,6,52
Student 275,6,89
Student 276,6,88
Student 277,6,36
Student 278,6,35
Student 279,6,87
Student 280,6,78
Student 1,7,54
Student 2,7,72
Student 3,7,98
Student 4,7,66
Student 5,7,77
Student 6,7,42
Student 7,7,59
Student 8,7,63
Student 9,7,53
Student 10,7,96
Student 11,7,74
Student 12,7,82
Student 13,7,88
Student 14,7,54
Student 15,7,95
Student 16,7,53
Student 17,7,87
Student 18,7,41
Student 19,7,82
Student 20,7,90
Student 21,7,49
Student 22,7,92
Student 23,7,83
Student 24,7,73
Student 25,7,66
Student 26,7,83
Student 27,7,76
Student 28,7,85
Student 29,7,79
Student 30,7,94
Student 31,7,87
Student 32,7,61
Student 33,7,73
Student 34,7,94
Student 35,7,76
Student 36,7,46
Student 37,7,37
Student 38,7,65
Student 39,7,100
Student 40,7,69
Student 41,7,67
Student 42,7,83
Student 43,7,76
Student 44,7,52
Student 45,7,100
Student 46,7,54
Student 47,7,93
Student 48,7,58
Student 49,7,85
Student 50,7,68
Student 51,7,74
Student 52,7,47
Student 53,7,85
Student 54,7,40
Student 55,7,57
Student 56,7,55
Student 57,7,54
Student 58,7,60
Student 59,7,60
Student 60,7,61
Student 61,7,65
Student 62,7,94
Student 63,7,47
Student 64,7,90
Student 65,7,33
Student 66,7,83
Student 67,7,63
Student 68,7,61
Student 69,7,55
Student 70,7,73
Student 71,7,85
Student 72,7,54
Student 73,7,100
Student 74,7,52
Student 75,7,79
Student 76,7,59
Student 77,7,64
Student 78,7,41
Student 79,7,82
Student 80,7,71
Student 81,7,98
Student 82,7,55
Student 83,7,54
Student 84,7,71
Student 85,7,46
Student 86,7,95
Student 87,7,70
Student 88,7,96
Student 89,7,89
Student 90,7,73
Student 91,7,64
Student 92,7,98
Student 93,7,82
Student 94,7,54
Student 95,7,83
Student 96,7,38
Student 97,7,38
Student 98,7,75
Student 99,7,86
Student 100,7,49
Student 101,7,54
Student 102,7,86
Student 103,7,60
Student 104,7,93
Student 105,7,86
Student 106,7,49
Student 107,7,87
Student 108,7,51
Student 109,7,49
Student 110,7,97
Student 111,7,49
Student 112,7,81
Student 113,7,67
Student 114,7,92
Student 115,7,38
Student 116,7,37
Student 117,7,49
Student 118,7,89
Student 119,7,88
Student 120,7,44
Student 121,7,89
Student 122,7,84
Student 123,7,43
Student 124,7,81
Student 125,7,35
Student 126,7,55
Student 127,7,52
Student 128,7,51
Student 129,7,57
Student 130,7,50
Student 131,7,51
Student 132,7,64
Student 133,7,81
Student 134,7,71
Student 135,7,91
Student 136,7,67
Student 137,7,84
Student 138,7,68
Student 139,7,79
Student 140,7,78
Student 141,7,51
Student 142,7,83
Student 143,7,70
Student 144,7,90
Student 145,7,57
Student 146,7,73
Student 147,7,81
Student 148,7,78
Student 149,7,49
Student 150,7,83
Student 151,7,83
Student 152,7,91
Student 153,7,72
Student 154,7,36
Student 155,7,55
Student 156,7,75
Student 157,7,52
Student 158,7,30
Student 159,7,59
Student 160,7,77
Student 161,7,72
Student 162,7,41
Student 163,7,58
Student 164,7,52
Student 165,7,90
Student 166,7,55
Student 167,7,98
Student 168,7,73
Student 169,7,55
Student 170,7,86
Student 171,7,99
Student 172,7,52
Student 173,7,87
Student 174,7,71
Student 175,7,65
Student 176,7,77
Student 177,7,49
Student 178,7,51
Student 179,7,92
Student 180,7,37
Student 181,7,100
Student 182,7,75
Student 183,7,53
Student 184,7,30
Student 185,7,79
Student 186,7,45
Student 187,7,94
Student 188,7,82
Student 189,7,42
Student 190,7,44
Student 191,7,53
Student 192,7,88
Student 193,7,74
Student 194,7,73
Student 195,7,52
Student 196,7,93
Student 197,7,54
Student 198,7,96
Student 199,7,79
Student 200,7,71
Student 201,7,72
Student 202,7,62
Student 203,7,58
Student 204,7,44
Student 205,7,60
Student 206,7,76
Student 207,7,68
Student 208,7,87
Student 209,7,59
Student 210,7,54
Student 211,7,35
Student 212,7,96
Student 213,7,34
Student 214,7,32
Student 215,7,92
Student 216,7,47
Student 217,7,58
Student 218,7,87
Student 219,7,93
Student 220,7,97
Student 221,7,53
Student 222,7,75
Student 223,7,55
Student 224,7,61
Student 225,7,42
Student 226,7,60
Student 227,7,92
Student 228,7,68
Student 229,7,48
Student 230,7,63
Student 231,7,89
Student 232,7,91
Student 233,7,59
Student 234,7,87
Student 235,7,44
Student 236,7,88
Student 237,7,45
Student 238,7,90
Student 239,7,69
Student 240,7,45
Student 241,7,93
Student 242,7,96
Student 243,7,33
Student 244,7,78
Student 245,7,76
Student 246,7,48
Student 247,7,98
Student 248,7,90
Student 249,7,84
Student 250,7,61
Student 251,7,73
Student 252,7,72
Student 253,7,56
Student 254,7,46
Student 255,7,69
Student 256,7,87
Student 257,7,80
Student 258,7,80
Student 259,7,80
Student 260,7,57
Student 261,7,44
Student 262,7,47
Student 263,7,94
Student 264,7,67
Student 265,7,93
Student 266,7,92
Student 267,7,50
Student 268,7,37
Student 269,7,35
Student 270,7,82
Student 271,7,34
Student 272,7,52
Student 273,7,92
Student 274,7,30
Student 275,7,58
Student 276,7,95
Student 277,7,57
Student 278,7,57
Student 279,7,85
Student 280,7,63
Student 1,8,97
Student 2,8,77
Student 3,8,43
Student 4,8,68
Student 5,8,81
Student 6,8,89
Student 7,8,57
Student 8,8,43
Student 9,8,93
Student 10,8,52
Student 11,8,84
Student 12,8,97
Student 13,8,92
Student 14,8,97
Student 15,8,82
Student 16,8,70
Student 17,8,58
Student 18,8,84
Student 19,8,85
Student 20,8,75
Student 21,8,42
Student 22,8,65
Student 23,8,93
Student 24,8,47
Student 25,8,79
Student 26,8,70
Student 27,8,88
Student 28,8,59
Student 29,8,66
Student 30,8,72
Student 31,8,75
Student 32,8,43
Student 33,8,55
Student 34,8,69
Student 35,8,35
Student 36,8,79
Student 37,8,88
Student 38,8,98
Student 39,8,71
Student 40,8,73
Student 41,8,98
Student 42,8,57
Student 43,8,74
Student 44,8,31
Student 45,8,67
Student 46,8,57
Student 47,8,47
Student 48,8,46
Student 49,8,87
Student 50,8,90
Student 51,8,63
Student 52,8,75
Student 53,8,84
Student 54,8,31
Student 55,8,75
Student 56,8,51
Student 57,8,58
Student 58,8,58
Student 59,8,89
Student 60,8,75
Student 61,8,75
Student 62,8,71
Student 63,8,75
Student 64,8,86
Student 65,8,71
Student 66,8,80
Student 67,8,75
Student 68,8,87
Student 69,8,71
Student 70,8,88
Student 71,8,54
Student 72,8,83
Student 73,8,92
Student 74,8,65
Student 75,8,37
Student 76,8,54
Student 77,8,80
Student 78,8,60
Student 79,8,80
Student 80,8,99
Student 81,8,91
Student 82,8,62
Student 83,8,70
Student 84,8,74
Student 85,8,79
Student 86,8,66
Student 87,8,80
Student 88,8,78
Student 89,8,55
Student 90,8,69
Student 91,8,61
Student 92,8,61
Student 93,8,53
Student 94,8,42
Student 95,8,41
Student 96,8,81
Student 97,8,46
Student 98,8,96
Student 99,8,67
Student 100,8,90
Student 101,8,91
Student 102,8,60
Student 103,8,80
Student 104,8,45
Student 105,8,56
Student 106,8,51
Student 107,8,67
Student 108,8,65
Student 109,8,85
Student 110,8,97
Student 111,8,91
Student 112,8,66
Student 113,8,67
Student 114,8,92
Student 115,8,63
Student 116,8,84
Student 117,8,57
Student 118,8,97
Student 119,8,71
Student 120,8,78
Student 121,8,96
Student 122,8,89
Student 123,8,85
Student 124,8,69
Student 125,8,50
Student 126,8,64
Student 127,8,77
Student 128,8,85
Student 129,8,81
Student 130,8,72
Student 131,8,77
Student 132,8,69
Student 133,8,62
Student 134,8,56
Student 135,8,43
Student 136,8,81
Student 137,8,41
Student 138,8,70
Student 139,8,61
Student 140,8,87
Student 141,8,75
Student 142,8,86
Student 143,8,92
Student 144,8,74
Student 145,8,92
Student 146,8,38
Student 147,8,54
Student 148,8,87
Student 149,8,71
Student 150,8,92
Student 151,8,71
Student 152,8,81
Student 153,8,33
Student 154,8,46
Student 155,8,51
Student 156,8,72
Student 157,8,50
Student 158,8,86
Student 159,8,53
Student 160,8,71
Student 161,8,86
Student 162,8,73
Student 163,8,78
Student 164,8,52
Student 165,8,38
Student 166,8,55
Student 167,8,97
Student 168,8,40
Student 169,8,63
Student 170,8,39
Student 171,8,76
Student 172,8,90
Student 173,8,34
Student 174,8,53
Student 175,8,55
Student 176,8,100
Student 177,8,69
Student 178,8,83
Student 179,8,70
Student 180,8,87
Student 181,8,67
Student 182,8,100
Student 183,8,71
Student 184,8,76
Student 185,8,49
Student 186,8,62
Student 187,8,58
Student 188,8,85
Student 189,8,75
Student 190,8,73
Student 191,8,62
Student 192,8,82
Student 193,8,72
Student 194,8,75
Student 195,8,69
Student 196,8,61
Student 197,8,90
Student 198,8,90
Student 199,8,69
Student 200,8,52
Student 201,8,46
Student 202,8,81
Student 203,8,51
Student 204,8,61
Student 205,8,92
Student 206,8,99
Student 207,8,99
Student 208,8,60
Student 209,8,62
Student 210,8,90
Student 211,8,77
Student 212,8,86
Student 213,8,48
Student 214,8,64
Student 215,8,47
Student 216,8,67
Student 217,8,53
Student 218,8,100
Student 219,8,82
Student 220,8,75
Student 221,8,79
Student 222,8,54
Student 223,8,97
Student 224,8,88
Student 225,8,68
Student 226,8,67
Student 227,8,59
Student 228,8,80
Student 229,8,46
Student 230,8,100
Student 231,8,59
Student 232,8,65
Student 233,8,97
Student 234,8,92
Student 235,8,50
Student 236,8,72
Student 237,8,57
Student 238,8,84
Student 239,8,72
Student 240,8,89
Student 241,8,69
Student 242,8,87
Student 243,8,77
Student 244,8,48
Student 245,8,64
Student 246,8,97
Student 247,8,94
Student 248,8,57
Student 249,8,82
Student 250,8,40
Student 251,8,70
Student 252,8,92
Student 253,8,91
Student 254,8,56
Student 255,8,66
Student 256,8,86
Student 257,8,51
Student 258,8,46
Student 259,8,46
Student 260,8,49
Student 261,8,58
Student 262,8,74
Student 263,8,59
Student 264,8,40
Student 265,8,48
Student 266,8,92
Student 267,8,76
Student 268,8,74
Student 269,8,80
Student 270,8,73
Student 271,8,80
Student 272,8,76
Student 273,8,51
Student 274,8,33
Student 275,8,85
Student 276,8,64
Student 277,8,62
Student 278,8,47
Student 279,8,98
Student 280,8,93
Student 1,9,95
Student 2,9,63
Student 3,9,93
Student 4,9,53
Student 5,9,99
Student 6,9,87
Student 7,9,82
Student 8,9,64
Student 9,9,59
Student 10,9,82
Student 11,9,63
Student 12,9,90
Student 13,9,55
Student 14,9,74
Student 15,9,51
Student 16,9,68
Student 17,9,50
Student 18,9,92
Student 19,9,60
Student 20,9,67
Student 21,9,78
Student 22,9,47
Student 23,9,84
Student 24,9,94
Student 25,9,66
Student 26,9,44
Student 27,9,87
Student 28,9,89
Student 29,9,80
Student 30,9,69
Student 31,9,93
Student 32,9,86
Student 33,9,77
Student 34,9,70
Student 35,9,53
Student 36,9,84
Student 37,9,77
Student 38,9,95
Student 39,9,64
Student 40,9,75
Student 41,9,73
Student 42,9,51
Student 43,9,92
Student 44,9,87
Student 45,9,38
Student 46,9,69
Student 47,9,85
Student 48,9,58
Student 49,9,60
Student 50,9,36
Student 51,9,93
Student 52,9,30
Student 53,9,47
Student 54,9,58
Student 55,9,97
Student 56,9,34
Student 57,9,70
Student 58,9,41
Student 59,9,75
Student 60,9,84
Student 61,9,96
Student 62,9,88
Student 63,9,65
Student 64,9,86
Student 65,9,38
Student 66,9,56
Student 67,9,96
Student 68,9,76
Student 69,9,96
Student 70,9,70
Student 71,9,82
Student 72,9,80
Student 73,9,64
Student 74,9,74
Student 75,9,87
Student 76,9,53
Student 77,9,56
Student 78,9,100
Student 79,9,50
Student 80,9,81
Student 81,9,76
Student 82,9,30
Student 83,9,78
Student 84,9,58
Student 85,9,64
Student 86,9,42
Student 87,9,77
Student 88,9,77
Student 89,9,86
Student 90,9,74
Student 91,9,89
Student 92,9,94
Student 93,9,51
Student 94,9,95
Student 95,9,60
Student 96,9,43
Student 97,9,44
Student 98,9,30
Student 99,9,62
Student 100,9,64
Student 101,9,63
Student 102,9,87
Student 103,9,30
Student 104,9,98
Student 105,9,56
Student 106,9,61
Student 107,9,96
Student 108,9,88
Student 109,9,90
Student 110,9,85
Student 111,9,57
Student 112,9,91
Student 113,9,47
Student 114,9,100
Student 115,9,85
Student 116,9,39
Student 117,9,54
Student 118,9,74
Student 119,9,71
Student 120,9,82
Student 121,9,79
Student 122,9,34
Student 123,9,69
Student 124,9,49
Student 125,9,74
Student 126,9,93
Student 127,9,46
Student 128,9,98
Student 129,9,73
Student 130,9,80
Student 131,9,54
Student 132,9,46
Student 133,9,100
Student 134,9,78
Student 135,9,45
Student 136,9,68
Student 137,9,95
Student 138,9,84
Student 139,9,85
Student 140,9,52
Student 141,9,80
Student 142,9,88
Student 143,9,77
Student 144,9,96
Student 145,9,53
Student 146,9,60
Student 147,9,81
Student 148,9,87
Student 149,9,65
Student 150,9,88
Student 151,9,44
Student 152,9,47
Student 153,9,99
Student 154,9,50
Student 155,9,63
Student 156,9,76
Student 157,9,96
Student 158,9,60
Student 159,9,98
Student 160,9,75
Student 161,9,79
Student 162,9,65
Student 163,9,64
Student 164,9,32
Student 165,9,84
Student 166,9,87
Student 167,9,33
Student 168,9,76
Student 169,9,64
Student 170,9,74
Student 171,9,77
Student 172,9,100
Student 173,9,77
Student 174,9,71
Student 175,9,75
Student 176,9,48
Student 177,9,54
Student 178,9,56
Student 179,9,61
Student 180,9,77
Student 181,9,59
Student 182,9,52
Student 183,9,50
Student 184,9,72
Student 185,9,54
Student 186,9,49
Student 187,9,85
Student 188,9,81
Student 189,9,75
Student 190,9,71
Student 191,9,80
Student 192,9,44
Student 193,9,86
Student 194,9,65
Student 195,9,72
Student 196,9,53
Student 197,9,85
Student 198,9,63
Student 199,9,97
Student 200,9,50
Student 201,9,71
Student 202,9,94
Student 203,9,80
Student 204,9,46
Student 205,9,92
Student 206,9,94
Student 207,9,57
Student 208,9,63
Student 209,9,50
Student 210,9,63
Student 211,9,99
Student 212,9,74
Student 213,9,72
Student 214,9,53
Student 215,9,61
Student 216,9,80
Student 217,9,84
Student 218,9,89
Student 219,9,80
Student 220,9,49
Student 221,9,31
Student 222,9,92
Student 223,9,94
Student 224,9,61
Student 225,9,91
Student 226,9,63
Student 227,9,66
Student 228,9,93
Student 229,9,89
Student 230,9,88
Student 231,9,76
Student 232,9,51
Student 233,9,85
Student 234,9,74
Student 235,9,82
Student 236,9,68
Student 237,9,72
Student 238,9,71
Student 239,9,48
Student 240,9,57
Student 241,9,57
Student 242,9,71
Student 243,9,72
Student 244,9,70
Student 245,9,50
Student 246,9,98
Student 247,9,96
Student 248,9,56
Student 249,9,76
Student 250,9,93
Student 251,9,70
Student 252,9,78
Student 253,9,55
Student 254,9,67
Student 255,9,60
Student 256,9,83
Student 257,9,65
Student 258,9,52
Student 259,9,51
Student 260,9,76
Student 261,9,31
Student 262,9,41
Student 263,9,91
Student 264,9,61
Student 265,9,55
Student 266,9,48
Student 267,9,73
Student 268,9,54
Student 269,9,45
Student 270,9,81
Student 271,9,57
Student 272,9,44
Student 273,9,73
Student 274,9,41
Student 275,9,66
Student 276,9,83
Student 277,9,69
Student 278,9,43
Student 279,9,46
Student 280,9,65
Student 1,10,63
Student 2,10,79
Student 3,10,82
Student 4,10,52
Student 5,10,83
Student 6,10,61
Student 7,10,65
Student 8,10,48
Student 9,10,44
Student 10,10,99
Student 11,10,55
Student 12,10,82
Student 13,10,45
Student 14,10,77
Student 15,10,97
Student 16,10,62
Student 17,10,79
Student 18,10,95
Student 19,10,54
Student 20,10,90
Student 21,10,79
Student 22,10,88
Student 23,10,61
Student 24,10,46
Student 25,10,60
Student 26,10,100
Student 27,10,62
Student 28,10,57
Student 29,10,64
Student 30,10,89
Student 31,10,95
Student 32,10,87
Student 33,10,80
Student 34,10,70
Student 35,10,80
Student 36,10,70
Student 37,10,71
Student 38,10,51
Student 39,10,54
Student 40,10,77
Student 41,10,55
Student 42,10,53
Student 43,10,70
Student 44,10,41
Student 45,10,65
Student 46,10,44
Student 47,10,87
Student 48,10,98
Student 49,10,52
Student 50,10,69
Student 51,10,95
Student 52,10,61
Student 53,10,89
Student 54,10,56
Student 55,10,98
Student 56,10,72
Student 57,10,85
Student 58,10,97
Student 59,10,48
Student 60,10,48
Student 61,10,59
Student 62,10,89
Student 63,10,53
Student 64,10,53
Student 65,10,77
Student 66,10,63
Student 67,10,55
Student 68,10,64
Student 69,10,75
Student 70,10,81
Student 71,10,69
Student 72,10,83
Student 73,10,100
Student 74,10,87
Student 75,10,86
Student 76,10,75
Student 77,10,74
Student 78,10,89
Student 79,10,43
Student 80,10,100
Student 81,10,41
Student 82,10,85
Student 83,10,57
Student 84,10,99
Student 85,10,54
Student 86,10,89
Student 87,10,56
Student 88,10,82
Student 89,10,82
Student 90,10,74
Student 91,10,85
Student 92,10,75
Student 93,10,53
Student 94,10,70
Student 95,10,98
Student 96,10,84
Student 97,10,56
Student 98,10,72
Student 99,10,83
Student 100,10,81
Student 101,10,78
Student 102,10,78
Student 103,10,48
Student 104,10,63
Student 105,10,77
Student 106,10,57
Student 107,10,46
Student 108,10,38
Student 109,10,52
Student 110,10,73
Student 111,10,88
Student 112,10,73
Student 113,10,98
Student 114,10,63
Student 115,10,77
Student 116,10,83
Student 117,10,55
Student 118,10,55
Student 119,10,47
Student 120,10,69
Student 121,10,76
Student 122,10,77
Student 123,10,74
Student 124,10,49
Student 125,10,53
Student 126,10,99
Student 127,10,33
Student 128,10,34
Student 129,10,80
Student 130,10,49
Student 131,10,74
Student 132,10,52
Student 133,10,55
Student 134,10,49
Student 135,10,56
Student 136,10,78
Student 137,10,54
Student 138,10,75
Student 139,10,36
Student 140,10,93
Student 141,10,51
Student 142,10,63
Student 143,10,91
Student 144,10,88
Student 145,10,65
Student 146,10,53
Student 147,10,58
Student 148,10,80
Student 149,10,59
Student 150,10,92
Student 151,10,71
Student 152,10,71
Student 153,10,77
Student 154,10,70
Student 155,10,36
Student 156,10,60
Student 157,10,36
Student 158,10,65
Student 159,10,82
Student 160,10,57
Student 161,10,94
Student 162,10,57
Student 163,10,47
Student 164,10,55
Student 165,10,50
Student 166,10,96
Student 167,10,78
Student 168,10,72
Student 169,10,77
Student 170,10,85
Student 171,10,57
Student 172,10,75
Student 173,10,60
Student 174,10,65
Student 175,10,96
Student 176,10,78
Student 177,10,82
Student 178,10,54
Student 179,10,73
Student 180,10,54
Student 181,10,87
Student 182,10,68
Student 183,10,53
Student 184,10,42
Student 185,10,77
Student 186,10,96
Student 187,10,89
Student 188,10,72
Student 189,10,62
Student 190,10,41
Student 191,10,89
Student 192,10,35
Student 193,10,51
Student 194,10,53
Student 195,10,50
Student 196,10,38
Student 197,10,44
Student 198,10,67
Student 199,10,85
Student 200,10,94
Student 201,10,99
Student 202,10,88
Student 203,10,77
Student 204,10,47
Student 205,10,89
Student 206,10,62
Student 207,10,85
Student 208,10,96
Student 209,10,60
Student 210,10,92
Student 211,10,86
Student 212,10,100
Student 213,10,95
Student 214,10,60
Student 215,10,94
Student 216,10,88
Student 217,10,71
Student 218,10,63
Student 219,10,42
Student 220,10,66
Student 221,10,89
Student 222,10,93
Student 223,10,74
Student 224,10,62
Student 225,10,69
Student 226,10,98
Student 227,10,90
Student 228,10,79
Student 229,10,57
Student 230,10,93
Student 231,10,94
Student 232,10,77
Student 233,10,63
Student 234,10,36
Student 235,10,43
Student 236,10,68
Student 237,10,95
Student 238,10,84
Student 239,10,68
Student 240,10,48
Student 241,10,69
Student 242,10,83
Student 243,10,62
Student 244,10,87
Student 245,10,99
Student 246,10,68
Student 247,10,62
Student 248,10,68
Student 249,10,93
Student 250,10,62
Student 251,10,56
Student 252,10,68
Student 253,10,62
Student 254,10,79
Student 255,10,67
Student 256,10,44
Student 257,10,58
Student 258,10,49
Student 259,10,56
Student 260,10,54
Student 261,10,38
Student 262,10,72
Student 263,10,48
Student 264,10,88
Student 265,10,78
Student 266,10,72
Student 267,10,64
Student 268,10,35
Student 269,10,88
Student 270,10,86
Student 271,10,55
Student 272,10,60
Student 273,10,100
Student 274,10,70
Student 275,10,43
Student 276,10,60
Student 277,10,64
Student 278,10,74
Student 279,10,86
Student 280,10,86
